Tags,Count
c#,7979
java,7129
php,6847
javascript,6391
android,5578
jquery,5193
c++,3389
python,3079
iphone,3008
asp.net,2998
html,2898
mysql,2888
.net,2662
ios,2331
sql,2298
objective-c,2282
css,2250
ruby-on-rails,2067
linux,1843
c,1591
windows,1462
ruby,1395
sql-server,1269
xml,1089
wpf,1076
ajax,1043
regex,1025
database,1023
asp.net-mvc,1006
xcode,903
arrays,884
django,871
osx,786
facebook,784
eclipse,781
windows-7,778
json,750
ruby-on-rails-3,745
vb.net,743
multithreading,685
string,655
performance,649
winforms,613
asp.net-mvc-3,590
ubuntu,587
visual-studio-2010,576
networking,560
html5,559
wordpress,558
wcf,551
image,549
security,549
forms,546
algorithm,526
visual-studio,508
web-services,504
flash,501
homework,497
actionscript-3,495
linq,494
query,493
r,490
sql-server-2008,486
git,485
oracle,474
bash,469
perl,464
silverlight,463
spring,457
apache,456
entity-framework,453
swing,448
cocoa,427
cocoa-touch,425
ipad,420
hibernate,413
api,412
excel,411
email,409
.htaccess,404
list,388
jquery-ui,385
file,368
apache2,365
firefox,365
internet-explorer,358
shell,347
debugging,346
codeigniter,341
node.js,341
tsql,337
sqlite,335
svn,335
delphi,333
unit-testing,331
oop,330
qt,326
iis,324
matlab,324
http,323
class,322
jsp,320
flex,319
google-chrome,316
parsing,312
validation,312
sharepoint,301
postgresql,299
sql-server-2005,295
google-app-engine,294
search,294
templates,294
mvc,287
function,286
unix,286
plugins,282
visual-studio-2008,280
google-maps,278
sockets,277
winapi,277
date,275
xaml,275
session,274
memory,272
jsf,270
authentication,269
design,269
scala,268
url,268
mongodb,264
events,260
vba,258
cakephp,257
windows-phone-7,255
design-patterns,254
magento,254
dns,252
pdf,252
windows-xp,250
visual-c++,248
nhibernate,247
command-line,246
rest,246
table,246
zend-framework,244
tomcat,242
facebook-graph-api,241
logging,241
exception,240
generics,238
mod-rewrite,238
google,237
listview,237
uitableview,237
c#-4.0,235
xslt,234
css3,233
android-layout,232
gwt,232
drupal,230
linear-algebra,230
testing,229
caching,224
datetime,224
jquery-ajax,223
ms-access,222
redirect,220
vim,220
ios5,219
audio,218
java-ee,218
calculus,217
maven,217
ssl,217
optimization,214
sorting,213
ssh,212
variables,210
core-data,209
inheritance,206
gcc,205
windows-server-2008,205
video,202
loops,201
opengl,201
centos,198
haskell,198
powershell,198
real-analysis,198
web-applications,198
application,196
dom,196
button,195
windows-8,195
gui,193
database-design,192
graphics,192
pointers,192
fonts,189
active-directory,188
opencv,187
post,187
select,187
animation,186
dynamic,186
encryption,186
layout,186
math,186
phonegap,186
activerecord,185
iis7,185
permissions,184
browser,183
div,183
linq-to-sql,183
object,180
servlets,180
configuration,178
mobile,178
data-binding,176
stored-procedures,176
deployment,175
grails,175
image-processing,173
login,170
debian,169
probability,169
nginx,167
serialization,167
asp.net-mvc-2,166
jquery-mobile,166
text,166
file-upload,164
iframe,164
twitter,164
memory-management,163
extjs,162
gridview,162
spring-mvc,162
backup,161
user-interface,160
assembly,158
cookies,158
data,158
android-intent,157
emacs,156
windows-server-2003,156
javascript-events,155
jpa,155
jsf-2,154
printing,154
proxy,154
mac,153
boost,152
csv,151
soap,151
symfony2,151
file-io,150
google-maps-api-3,149
binding,148
reflection,148
version-control,148
curl,147
jquery-plugins,147
script,146
unicode,146
random,145
data-structures,144
geometry,144
process,144
xpath,144
blackberry,143
canvas,143
dll,143
join,142
mvvm,142
razor,142
architecture,141
azure,141
netbeans,141
asp.net-mvc-4,140
macros,140
if-statement,139
iphone-sdk-4.0,138
syntax,138
abstract-algebra,137
installation,137
web,136
actionscript,135
backbone.js,135
encoding,135
ant,134
excel-vba,134
twitter-bootstrap,134
compiler,133
filesystems,133
sharepoint2010,133
routing,132
asynchronous,131
scripting,131
statistics,130
uiview,130
ftp,129
time,128
drop-down-menu,127
reporting-services,127
hard-drive,126
service,126
view,126
https,125
outlook,125
url-rewriting,125
batch,124
combinatorics,124
heroku,124
joomla,122
selenium,122
amazon-ec2,120
frameworks,120
.net-4.0,119
for-loop,119
keyboard,119
jdbc,118
map,118
orm,118
terminal,118
language-agnostic,117
matrices,117
reference,117
entity-framework-4,116
recursion,116
uitableviewcell,116
analysis,115
tcp,115
django-models,114
groovy,113
hadoop,113
hash,113
usb,113
collections,112
graph,112
input,112
parameters,112
coldfusion,111
properties,111
solr,111
types,111
vbscript,111
webserver,111
internet-explorer-8,110
website,110
windows-vista,110
dictionary,109
jqgrid,109
memory-leaks,109
model,109
general-topology,108
tabs,107
activity,106
batch-file,106
character-encoding,106
complex-analysis,106
concurrency,106
interface,106
internet,106
number-theory,106
upload,106
background,105
module,105
constructor,104
eclipse-plugin,104
jquery-selectors,104
open-source,104
utf-8,104
checkbox,103
colors,103
ios6,103
smtp,103
struts2,103
tikz-pgf,103
mfc,102
multidimensional-array,102
uiviewcontroller,102
usercontrols,102
vb6,102
windows-server-2008-r2,102
datagrid,101
filter,101
ip,101
sdk,101
textbox,101
visual-studio-2012,101
build,100
limit,100
methods,100
sequences-and-series,100
timer,100
vector,100
amazon-web-services,99
msbuild,99
virtualization,99
exception-handling,98
mercurial,98
tags,98
boot,97
delete,97
struct,97
android-emulator,96
arraylist,96
com,96
cron,96
formatting,96
group-theory,96
insert,96
oauth,96
rspec,96
github,95
algebra-precalculus,94
datagridview,94
exchange,94
ado.net,93
attributes,93
c++11,93
io,93
jboss,93
python-3.x,93
resources,93
vpn,93
connection,92
delegates,92
dojo,92
elementary-number-theory,92
error-handling,92
menu,92
path,92
ruby-on-rails-3.1,92
stl,92
automation,91
plsql,91
sed,91
tfs,91
uiwebview,91
crash,90
junit,90
localization,90
opengl-es,90
triggers,90
functions,89
licensing,89
logic,89
xhtml,89
hyperlink,88
import,88
matrix,88
programming-languages,88
python-2.7,88
sqlite3,88
xcode4,88
2010,87
air,87
casting,87
drag-and-drop,87
virtualbox,87
workflow,87
.net-3.5,86
3d,86
combobox,86
dependency-injection,86
enums,86
f#,86
google-chrome-extension,86
notifications,86
wireless-networking,86
calendar,85
dialog,85
download,85
event-handling,85
lucene,85
monotouch,85
rubygems,85
webview,85
xml-parsing,85
controller,84
devise,84
lambda,84
maven-2,84
microsoft-excel,84
numpy,84
youtube,84
amazon-s3,83
asp-classic,83
autocomplete,83
clojure,83
cuda,83
firewall,83
fluent-nhibernate,83
pdo,83
primefaces,83
silverlight-4.0,83
static,83
